{
  "data" : {
    "symptoms" : [

    ],
    "stateOfMind" : [

    ],
    "ecg" : [

    ],
    "metrics" : [
      {
        "name" : "step_count",
        "units" : "count",
        "data" : [
          {
            "qty" : 2536,
            "date" : "2024-08-27 00:00:00 +0200",
            "source" : ""
          },
          {
            "source" : "",
            "date" : "2024-08-28 00:00:00 +0200",
            "qty" : 3639
          },
          {
            "source" : "",
            "date" : "2024-08-29 00:00:00 +0200",
            "qty" : 2687
          },
          {
            "date" : "2024-08-30 00:00:00 +0200",
            "source" : "",
            "qty" : 2351
          },
          {
            "source" : "",
            "date" : "2024-08-31 00:00:00 +0200",
            "qty" : 6805
          },
          {
            "date" : "2024-09-01 00:00:00 +0200",
            "qty" : 7056,
            "source" : ""
          },
          {
            "date" : "2024-09-02 00:00:00 +0200",
            "qty" : 9138,
            "source" : ""
          },
          {
            "date" : "2024-09-03 00:00:00 +0200",
            "qty" : 7633,
            "source" : ""
          },
          {
            "date" : "2024-09-04 00:00:00 +0200",
            "source" : "",
            "qty" : 9109
          },
          {
            "source" : "",
            "qty" : 7318,
            "date" : "2024-09-05 00:00:00 +0200"
          },
          {
            "source" : "",
            "qty" : 7969,
            "date" : "2024-09-06 00:00:00 +0200"
          },
          {
            "qty" : 10050,
            "source" : "",
            "date" : "2024-09-07 00:00:00 +0200"
          },
          {
            "qty" : 8200,
            "source" : "",
            "date" : "2024-09-08 00:00:00 +0200"
          },
          {
            "qty" : 7943,
            "date" : "2024-09-09 00:00:00 +0200",
            "source" : ""
          },
          {
            "source" : "",
            "date" : "2024-09-10 00:00:00 +0200",
            "qty" : 5286
          },
          {
            "date" : "2024-09-11 00:00:00 +0200",
            "source" : "",
            "qty" : 3484
          },
          {
            "date" : "2024-09-12 00:00:00 +0200",
            "qty" : 6420,
            "source" : ""
          },
          {
            "qty" : 3836.4800188361437,
            "date" : "2024-09-13 00:00:00 +0200",
            "source" : ""
          },
          {
            "date" : "2024-09-14 00:00:00 +0200",
            "qty" : 9437.5199811638558,
            "source" : ""
          },
          {
            "date" : "2024-09-15 00:00:00 +0200",
            "qty" : 5563,
            "source" : ""
          },
          {
            "qty" : 7014,
            "source" : "",
            "date" : "2024-09-16 00:00:00 +0200"
          },
          {
            "source" : "",
            "date" : "2024-09-17 00:00:00 +0200",
            "qty" : 4838
          },
          {
            "date" : "2024-09-18 00:00:00 +0200",
            "source" : "",
            "qty" : 6501
          },
          {
            "date" : "2024-09-19 00:00:00 +0200",
            "qty" : 7059,
            "source" : ""
          },
          {
            "source" : "",
            "qty" : 8699,
            "date" : "2024-09-20 00:00:00 +0200"
          },
          {
            "date" : "2024-09-21 00:00:00 +0200",
            "qty" : 2324,
            "source" : ""
          },
          {
            "source" : "",
            "date" : "2024-09-22 00:00:00 +0200",
            "qty" : 7339
          },
          {
            "qty" : 9110,
            "source" : "",
            "date" : "2024-09-23 00:00:00 +0200"
          },
          {
            "date" : "2024-09-24 00:00:00 +0200",
            "source" : "",
            "qty" : 4313
          },
          {
            "qty" : 7052,
            "date" : "2024-09-25 00:00:00 +0200",
            "source" : ""
          },
          {
            "qty" : 4777,
            "source" : "",
            "date" : "2024-09-26 00:00:00 +0200"
          }
        ]
      }
    ],
    "heartRateNotifications" : [

    ]
  }
}